{"accuracy": [0.5797101259231567, 0.6086956262588501, 0.6086956262588501, 0.6231883764266968, 0.6086956262588501, 0.6231883764266968, 0.6376811861991882, 0.6376811861991882, 0.6666666865348816, 0.6811594367027283, 0.695652186870575, 0.7101449370384216, 0.739130437374115, 0.739130437374115, 0.7246376872062683, 0.739130437374115, 0.739130437374115, 0.7246376872062683, 0.7246376872062683, 0.7246376872062683, 0.739130437374115, 0.739130437374115, 0.739130437374115, 0.739130437374115, 0.739130437374115, 0.739130437374115, 0.739130437374115, 0.739130437374115, 0.739130437374115, 0.739130437374115, 0.7536231875419617, 0.7536231875419617, 0.7536231875419617, 0.7536231875419617, 0.7536231875419617, 0.7536231875419617, 0.7536231875419617, 0.7536231875419617, 0.739130437374115, 0.739130437374115, 0.739130437374115, 0.739130437374115, 0.739130437374115, 0.739130437374115, 0.739130437374115, 0.739130437374115, 0.739130437374115, 0.739130437374115, 0.739130437374115, 0.739130437374115], "loss": [0.6805720925331116, 0.6642202734947205, 0.6548777222633362, 0.6461910009384155, 0.6375199556350708, 0.6298630833625793, 0.6242516040802002, 0.6199713349342346, 0.6149388551712036, 0.611707329750061, 0.6092526316642761, 0.605658233165741, 0.6032678484916687, 0.6010213494300842, 0.5992241501808167, 0.5965325236320496, 0.5939363241195679, 0.592254102230072, 0.5909609794616699, 0.5888296961784363, 0.5871720314025879, 0.5855964422225952, 0.5845824480056763, 0.5827712416648865, 0.5818035006523132, 0.5799948573112488, 0.5789628624916077, 0.5777648091316223, 0.5763089656829834, 0.5752102136611938, 0.5739318132400513, 0.5730018615722656, 0.5716560482978821, 0.5706273913383484, 0.5691438317298889, 0.5684383511543274, 0.5673983693122864, 0.5664403438568115, 0.5652430653572083, 0.5641940236091614, 0.5631521940231323, 0.5623253583908081, 0.5614649653434753, 0.560562014579773, 0.5595162510871887, 0.5586869120597839, 0.5579530000686646, 0.5571348071098328, 0.555717945098877, 0.5552146434783936], "val_accuracy": [0.5333333611488342, 0.5333333611488342, 0.6000000238418579, 0.6333333253860474, 0.6333333253860474, 0.6333333253860474, 0.6333333253860474, 0.6333333253860474, 0.6333333253860474, 0.6333333253860474, 0.6333333253860474, 0.6333333253860474, 0.6333333253860474, 0.6333333253860474, 0.6333333253860474, 0.6333333253860474, 0.6333333253860474, 0.6333333253860474, 0.6333333253860474, 0.6333333253860474, 0.6333333253860474, 0.6333333253860474, 0.6333333253860474, 0.6333333253860474, 0.6333333253860474, 0.6333333253860474, 0.6333333253860474, 0.6333333253860474, 0.6333333253860474, 0.6666666865348816, 0.6666666865348816, 0.6666666865348816, 0.6666666865348816, 0.6666666865348816, 0.6666666865348816, 0.6666666865348816, 0.6666666865348816, 0.6666666865348816, 0.6666666865348816, 0.6666666865348816, 0.6666666865348816, 0.6666666865348816, 0.6666666865348816, 0.6666666865348816, 0.6666666865348816, 0.6666666865348816, 0.6666666865348816, 0.6666666865348816, 0.6666666865348816, 0.6666666865348816], "val_loss": [0.6962681412696838, 0.6928466558456421, 0.6906721591949463, 0.6881589293479919, 0.6864912509918213, 0.685886561870575, 0.6860955357551575, 0.686712920665741, 0.6878317594528198, 0.6889305710792542, 0.6909198760986328, 0.6923644542694092, 0.6940168738365173, 0.6955276727676392, 0.6979010105133057, 0.6994505524635315, 0.7013968825340271, 0.7035593390464783, 0.7053957581520081, 0.7059851288795471, 0.7064987421035767, 0.7079058289527893, 0.709254801273346, 0.7106443047523499, 0.7118783593177795, 0.7106271386146545, 0.7110100984573364, 0.7106132507324219, 0.7096798419952393, 0.7097457051277161, 0.7106323838233948, 0.7112783193588257, 0.7109830975532532, 0.7117053866386414, 0.7114859223365784, 0.7129500508308411, 0.713064968585968, 0.70973140001297, 0.7096854448318481, 0.7112048268318176, 0.7126169800758362, 0.7126438021659851, 0.7117592096328735, 0.7123051285743713, 0.7130775451660156, 0.7144249081611633, 0.7161915898323059, 0.7153779864311218, 0.7168563604354858, 0.7186014652252197]}